{
  "train": {
    "accuracy": 0.947,
    "f1_macro": 0.9445634451148311,
    "report": {
      "AYUDA": {
        "precision": 0.7433628318584071,
        "recall": 0.9230769230769231,
        "f1-score": 0.8235294117647058,
        "support": 91.0
      },
      "CONFIRMACION": {
        "precision": 1.0,
        "recall": 0.989010989010989,
        "f1-score": 0.994475138121547,
        "support": 91.0
      },
      "DESPEDIR": {
        "precision": 0.9782608695652174,
        "recall": 0.989010989010989,
        "f1-score": 0.9836065573770492,
        "support": 91.0
      },
      "DOLOR": {
        "precision": 1.0,
        "recall": 1.0,
        "f1-score": 1.0,
        "support": 91.0
      },
      "EMOCION": {
        "precision": 0.9473684210526315,
        "recall": 0.989010989010989,
        "f1-score": 0.967741935483871,
        "support": 91.0
      },
      "FALLBACK": {
        "precision": 0.9818181818181818,
        "recall": 0.5934065934065934,
        "f1-score": 0.7397260273972602,
        "support": 91.0
      },
      "JUGAR": {
        "precision": 0.9891304347826086,
        "recall": 1.0,
        "f1-score": 0.994535519125683,
        "support": 91.0
      },
      "NECESIDAD_FISICA": {
        "precision": 0.9777777777777777,
        "recall": 0.967032967032967,
        "f1-score": 0.9723756906077348,
        "support": 91.0
      },
      "NEGACION": {
        "precision": 0.9191919191919192,
        "recall": 1.0,
        "f1-score": 0.9578947368421052,
        "support": 91.0
      },
      "PEDIR_OBJETO": {
        "precision": 1.0,
        "recall": 0.9666666666666667,
        "f1-score": 0.9830508474576272,
        "support": 90.0
      },
      "SALUDAR": {
        "precision": 0.9479166666666666,
        "recall": 1.0,
        "f1-score": 0.9732620320855615,
        "support": 91.0
      },
      "accuracy": 0.947,
      "macro avg": {
        "precision": 0.9531661002466735,
        "recall": 0.947019647019647,
        "f1-score": 0.9445634451148311,
        "support": 1000.0
      },
      "weighted avg": {
        "precision": 0.9531192663469203,
        "recall": 0.947,
        "f1-score": 0.9445249577124887,
        "support": 1000.0
      }
    },
    "labels": [
      "AYUDA",
      "CONFIRMACION",
      "DESPEDIR",
      "DOLOR",
      "EMOCION",
      "FALLBACK",
      "JUGAR",
      "NECESIDAD_FISICA",
      "NEGACION",
      "PEDIR_OBJETO",
      "SALUDAR"
    ],
    "confusion_matrix": [
      [
        84,
        0,
        0,
        0,
        0,
        0,
        0,
        0,
        7,
        0,
        0
      ],
      [
        1,
        90,
        0,
        0,
        0,
        0,
        0,
        0,
        0,
        0,
        0
      ],
      [
        1,
        0,
        90,
        0,
        0,
        0,
        0,
        0,
        0,
        0,
        0
      ],
      [
        0,
        0,
        0,
        91,
        0,
        0,
        0,
        0,
        0,
        0,
        0
      ],
      [
        0,
        0,
        0,
        0,
        90,
        1,
        0,
        0,
        0,
        0,
        0
      ],
      [
        27,
        0,
        2,
        0,
        2,
        54,
        0,
        0,
        1,
        0,
        5
      ],
      [
        0,
        0,
        0,
        0,
        0,
        0,
        91,
        0,
        0,
        0,
        0
      ],
      [
        0,
        0,
        0,
        0,
        3,
        0,
        0,
        88,
        0,
        0,
        0
      ],
      [
        0,
        0,
        0,
        0,
        0,
        0,
        0,
        0,
        91,
        0,
        0
      ],
      [
        0,
        0,
        0,
        0,
        0,
        0,
        1,
        2,
        0,
        87,
        0
      ],
      [
        0,
        0,
        0,
        0,
        0,
        0,
        0,
        0,
        0,
        0,
        91
      ]
    ]
  },
  "val": {
    "accuracy": 0.9346666666666666,
    "f1_macro": 0.9230397387953336,
    "report": {
      "AYUDA": {
        "precision": 0.898876404494382,
        "recall": 0.8791208791208791,
        "f1-score": 0.8888888888888888,
        "support": 91.0
      },
      "CONFIRMACION": {
        "precision": 0.9473684210526315,
        "recall": 0.9473684210526315,
        "f1-score": 0.9473684210526315,
        "support": 38.0
      },
      "DESPEDIR": {
        "precision": 1.0,
        "recall": 0.9777777777777777,
        "f1-score": 0.9887640449438202,
        "support": 45.0
      },
      "DOLOR": {
        "precision": 0.9891304347826086,
        "recall": 1.0,
        "f1-score": 0.994535519125683,
        "support": 91.0
      },
      "EMOCION": {
        "precision": 0.9183673469387755,
        "recall": 0.989010989010989,
        "f1-score": 0.9523809523809523,
        "support": 91.0
      },
      "FALLBACK": {
        "precision": 0.7777777777777778,
        "recall": 0.7,
        "f1-score": 0.7368421052631579,
        "support": 30.0
      },
      "JUGAR": {
        "precision": 0.9375,
        "recall": 0.989010989010989,
        "f1-score": 0.9625668449197861,
        "support": 91.0
      },
      "NECESIDAD_FISICA": {
        "precision": 0.9523809523809523,
        "recall": 0.8791208791208791,
        "f1-score": 0.9142857142857143,
        "support": 91.0
      },
      "NEGACION": {
        "precision": 0.7755102040816326,
        "recall": 1.0,
        "f1-score": 0.8735632183908046,
        "support": 38.0
      },
      "PEDIR_OBJETO": {
        "precision": 1.0,
        "recall": 0.8901098901098901,
        "f1-score": 0.9418604651162791,
        "support": 91.0
      },
      "SALUDAR": {
        "precision": 0.9615384615384616,
        "recall": 0.9433962264150944,
        "f1-score": 0.9523809523809523,
        "support": 53.0
      },
      "accuracy": 0.9346666666666666,
      "macro avg": {
        "precision": 0.9234954548224746,
        "recall": 0.9268105501471936,
        "f1-score": 0.9230397387953336,
        "support": 750.0
      },
      "weighted avg": {
        "precision": 0.9374979695497003,
        "recall": 0.9346666666666666,
        "f1-score": 0.9344432146195764,
        "support": 750.0
      }
    },
    "labels": [
      "AYUDA",
      "CONFIRMACION",
      "DESPEDIR",
      "DOLOR",
      "EMOCION",
      "FALLBACK",
      "JUGAR",
      "NECESIDAD_FISICA",
      "NEGACION",
      "PEDIR_OBJETO",
      "SALUDAR"
    ],